content,category
Updated HR policy document regarding remote work.,hr
Monthly HR newsletter: employee recognition.,hr
Leave application request submitted for 1st-10th Sept.,hr
Confirmation letter for job offer to Anjali Patel.,hr
Interview schedule for shortlisted candidates in the engineering department.,hr
Leave application request submitted for 5th-12th Nov.,hr
Internal memo: Change in meal benefits policy.,hr
Interview schedule for shortlisted candidates in the engineering department.,hr
"Performance appraisal summary for John Smith, HR Executive.",hr
Interview schedule for shortlisted candidates in the finance department.,hr
Confirmation letter for job offer to John Smith.,hr
Updated HR policy document regarding leave.,hr
Monthly HR newsletter: employee recognition.,hr
Updated HR policy document regarding overtime.,hr
Monthly HR newsletter: policy updates.,hr
Leave application request submitted for 12th-18th Oct.,hr
Updated HR policy document regarding overtime.,hr
Updated HR policy document regarding leave.,hr
Leave application request submitted for 5th-12th Nov.,hr
"Performance appraisal summary for John Smith, Marketing Manager.",hr
"Employee resignation letter effective from 1st September, citing personal reasons.",hr
Internal memo: Change in meal benefits policy.,hr
Leave application request submitted for 1st-10th Sept.,hr
Leave application request submitted for 5th-12th Nov.,hr
Interview schedule for shortlisted candidates in the engineering department.,hr
"Employee resignation letter effective from 1st September, citing career advancement.",hr
Confirmation letter for job offer to Jane Doe.,hr
Updated HR policy document regarding remote work.,hr
Updated HR policy document regarding leave.,hr
"Performance appraisal summary for Jane Doe, HR Executive.",hr
"Employee resignation letter effective from 1st September, citing career advancement.",hr
Confirmation letter for job offer to Jane Doe.,hr
Internal memo: Change in meal benefits policy.,hr
New hire onboarding checklist for Anjali Patel.,hr
HR complaint regarding late salary payment.,hr
Leave application request submitted for 12th-18th Oct.,hr
Interview schedule for shortlisted candidates in the sales department.,hr
"Performance appraisal summary for John Smith, Marketing Manager.",hr
Interview schedule for shortlisted candidates in the engineering department.,hr
Internal memo: Change in transport benefits policy.,hr
Interview schedule for shortlisted candidates in the finance department.,hr
Updated HR policy document regarding leave.,hr
Interview schedule for shortlisted candidates in the engineering department.,hr
Internal memo: Change in meal benefits policy.,hr
Updated HR policy document regarding overtime.,hr
Confirmation letter for job offer to Anjali Patel.,hr
Leave application request submitted for 12th-18th Oct.,hr
Leave application request submitted for 5th-12th Nov.,hr
New hire onboarding checklist for John Smith.,hr
Internal memo: Change in transport benefits policy.,hr
Internal memo: Change in meal benefits policy.,hr
Leave application request submitted for 5th-12th Nov.,hr
New hire onboarding checklist for John Smith.,hr
New hire onboarding checklist for John Smith.,hr
"Performance appraisal summary for Jane Doe, HR Executive.",hr
"Performance appraisal summary for Anjali Patel, Senior Analyst.",hr
Monthly HR newsletter: wellness tips.,hr
HR complaint regarding harassment.,hr
HR complaint regarding late salary payment.,hr
Monthly HR newsletter: wellness tips.,hr
New hire onboarding checklist for Anjali Patel.,hr
Interview schedule for shortlisted candidates in the engineering department.,hr
Confirmation letter for job offer to John Smith.,hr
HR complaint regarding harassment.,hr
HR complaint regarding manager misconduct.,hr
Internal memo: Change in health benefits policy.,hr
Monthly HR newsletter: policy updates.,hr
HR complaint regarding manager misconduct.,hr
Updated HR policy document regarding remote work.,hr
"Performance appraisal summary for Jane Doe, HR Executive.",hr
"Performance appraisal summary for Jane Doe, Marketing Manager.",hr
Internal memo: Change in meal benefits policy.,hr
Confirmation letter for job offer to Anjali Patel.,hr
HR complaint regarding manager misconduct.,hr
Monthly HR newsletter: policy updates.,hr
New hire onboarding checklist for Anjali Patel.,hr
Updated HR policy document regarding overtime.,hr
Monthly HR newsletter: employee recognition.,hr
Internal memo: Change in meal benefits policy.,hr
Confirmation letter for job offer to John Smith.,hr
Monthly HR newsletter: employee recognition.,hr
Monthly HR newsletter: wellness tips.,hr
Interview schedule for shortlisted candidates in the engineering department.,hr
"Employee resignation letter effective from 15th October, citing relocation.",hr
Confirmation letter for job offer to Anjali Patel.,hr
Leave application request submitted for 5th-12th Nov.,hr
Leave application request submitted for 5th-12th Nov.,hr
Updated HR policy document regarding remote work.,hr
Internal memo: Change in meal benefits policy.,hr
HR complaint regarding late salary payment.,hr
Confirmation letter for job offer to Jane Doe.,hr
"Performance appraisal summary for Jane Doe, HR Executive.",hr
Confirmation letter for job offer to John Smith.,hr
New hire onboarding checklist for John Smith.,hr
"Employee resignation letter effective from 15th October, citing relocation.",hr
Monthly HR newsletter: wellness tips.,hr
Internal memo: Change in transport benefits policy.,hr
HR complaint regarding late salary payment.,hr
Internal memo: Change in health benefits policy.,hr
"Performance appraisal summary for John Smith, Senior Analyst.",hr
New hire onboarding checklist for John Smith.,hr
Confirmation letter for job offer to John Smith.,hr
"Performance appraisal summary for Anjali Patel, HR Executive.",hr
Internal memo: Change in meal benefits policy.,hr
Monthly HR newsletter: policy updates.,hr
Updated HR policy document regarding overtime.,hr
HR complaint regarding manager misconduct.,hr
Internal memo: Change in health benefits policy.,hr
Internal memo: Change in meal benefits policy.,hr
"Performance appraisal summary for John Smith, Senior Analyst.",hr
"Employee resignation letter effective from 1st September, citing relocation.",hr
Interview schedule for shortlisted candidates in the finance department.,hr
Confirmation letter for job offer to Anjali Patel.,hr
Monthly HR newsletter: policy updates.,hr
Updated HR policy document regarding overtime.,hr
Monthly HR newsletter: policy updates.,hr
Interview schedule for shortlisted candidates in the sales department.,hr
"Employee resignation letter effective from 1st September, citing personal reasons.",hr
Leave application request submitted for 12th-18th Oct.,hr
HR complaint regarding manager misconduct.,hr
Interview schedule for shortlisted candidates in the engineering department.,hr
Monthly HR newsletter: policy updates.,hr
Updated HR policy document regarding overtime.,hr
HR complaint regarding late salary payment.,hr
Monthly HR newsletter: policy updates.,hr
"Performance appraisal summary for Jane Doe, Marketing Manager.",hr
HR complaint regarding harassment.,hr
Monthly HR newsletter: policy updates.,hr
"Performance appraisal summary for Anjali Patel, Marketing Manager.",hr
Leave application request submitted for 5th-12th Nov.,hr
Updated HR policy document regarding leave.,hr
Confirmation letter for job offer to Anjali Patel.,hr
HR complaint regarding manager misconduct.,hr
Monthly HR newsletter: wellness tips.,hr
Internal memo: Change in transport benefits policy.,hr
"Employee resignation letter effective from 30th November, citing career advancement.",hr
Confirmation letter for job offer to John Smith.,hr
Interview schedule for shortlisted candidates in the sales department.,hr
New hire onboarding checklist for Anjali Patel.,hr
Monthly HR newsletter: wellness tips.,hr
"Performance appraisal summary for John Smith, Senior Analyst.",hr
New hire onboarding checklist for Anjali Patel.,hr
Confirmation letter for job offer to Anjali Patel.,hr
Updated HR policy document regarding remote work.,hr
Interview schedule for shortlisted candidates in the sales department.,hr
Internal memo: Change in meal benefits policy.,hr
Monthly HR newsletter: employee recognition.,hr
Monthly HR newsletter: wellness tips.,hr
Confirmation letter for job offer to John Smith.,hr
Monthly HR newsletter: employee recognition.,hr
New hire onboarding checklist for Jane Doe.,hr
Confirmation letter for job offer to Anjali Patel.,hr
New hire onboarding checklist for Anjali Patel.,hr
New hire onboarding checklist for Jane Doe.,hr
Monthly HR newsletter: employee recognition.,hr
Confirmation letter for job offer to Jane Doe.,hr
Monthly HR newsletter: wellness tips.,hr
Confirmation letter for job offer to John Smith.,hr
Monthly HR newsletter: wellness tips.,hr
Internal memo: Change in health benefits policy.,hr
Confirmation letter for job offer to John Smith.,hr
New hire onboarding checklist for Anjali Patel.,hr
"Employee resignation letter effective from 30th November, citing personal reasons.",hr
Internal memo: Change in meal benefits policy.,hr
New hire onboarding checklist for Jane Doe.,hr
Internal memo: Change in transport benefits policy.,hr
HR complaint regarding manager misconduct.,hr
"Employee resignation letter effective from 1st September, citing career advancement.",hr
Internal memo: Change in health benefits policy.,hr
Internal memo: Change in meal benefits policy.,hr
New hire onboarding checklist for Anjali Patel.,hr
"Performance appraisal summary for Anjali Patel, Senior Analyst.",hr
"Employee resignation letter effective from 30th November, citing relocation.",hr
HR complaint regarding late salary payment.,hr
Leave application request submitted for 1st-10th Sept.,hr
Updated HR policy document regarding leave.,hr
Monthly HR newsletter: wellness tips.,hr
Confirmation letter for job offer to John Smith.,hr
"Employee resignation letter effective from 15th October, citing relocation.",hr
Leave application request submitted for 5th-12th Nov.,hr
Confirmation letter for job offer to Anjali Patel.,hr
Interview schedule for shortlisted candidates in the finance department.,hr
Updated HR policy document regarding remote work.,hr
Monthly HR newsletter: policy updates.,hr
New hire onboarding checklist for Jane Doe.,hr
Internal memo: Change in meal benefits policy.,hr
Monthly HR newsletter: wellness tips.,hr
New hire onboarding checklist for John Smith.,hr
Updated HR policy document regarding remote work.,hr
Interview schedule for shortlisted candidates in the sales department.,hr
HR complaint regarding manager misconduct.,hr
Updated HR policy document regarding remote work.,hr
Updated HR policy document regarding overtime.,hr
Updated HR policy document regarding leave.,hr
Confirmation letter for job offer to John Smith.,hr
Updated HR policy document regarding overtime.,hr
Updated HR policy document regarding remote work.,hr
"Performance appraisal summary for Jane Doe, HR Executive.",hr
HR complaint regarding manager misconduct.,hr
Updated HR policy document regarding remote work.,hr
"Performance appraisal summary for Anjali Patel, HR Executive.",hr
Internal memo: Change in meal benefits policy.,hr
"Employee resignation letter effective from 1st September, citing relocation.",hr
"Employee resignation letter effective from 30th November, citing personal reasons.",hr
Updated HR policy document regarding remote work.,hr
Leave application request submitted for 5th-12th Nov.,hr
Confirmation letter for job offer to Anjali Patel.,hr
Interview schedule for shortlisted candidates in the engineering department.,hr
Leave application request submitted for 1st-10th Sept.,hr
Monthly HR newsletter: wellness tips.,hr
Internal memo: Change in transport benefits policy.,hr
New hire onboarding checklist for Jane Doe.,hr
"Performance appraisal summary for Anjali Patel, Marketing Manager.",hr
Updated HR policy document regarding leave.,hr
Updated HR policy document regarding remote work.,hr
HR complaint regarding late salary payment.,hr
Updated HR policy document regarding overtime.,hr
Updated HR policy document regarding overtime.,hr
New hire onboarding checklist for Anjali Patel.,hr
HR complaint regarding manager misconduct.,hr
"Employee resignation letter effective from 1st September, citing personal reasons.",hr
"Performance appraisal summary for Anjali Patel, HR Executive.",hr
Confirmation letter for job offer to John Smith.,hr
"Employee resignation letter effective from 30th November, citing relocation.",hr
Leave application request submitted for 5th-12th Nov.,hr
New hire onboarding checklist for Anjali Patel.,hr
Confirmation letter for job offer to Jane Doe.,hr
HR complaint regarding harassment.,hr
"Performance appraisal summary for Anjali Patel, Senior Analyst.",hr
Confirmation letter for job offer to Jane Doe.,hr
Internal memo: Change in transport benefits policy.,hr
"Performance appraisal summary for Jane Doe, Marketing Manager.",hr
"Performance appraisal summary for Jane Doe, Senior Analyst.",hr
HR complaint regarding harassment.,hr
Internal memo: Change in transport benefits policy.,hr
Interview schedule for shortlisted candidates in the sales department.,hr
Updated HR policy document regarding overtime.,hr
Confirmation letter for job offer to Anjali Patel.,hr
Updated HR policy document regarding overtime.,hr
Interview schedule for shortlisted candidates in the engineering department.,hr
"Performance appraisal summary for John Smith, HR Executive.",hr
New hire onboarding checklist for Jane Doe.,hr
Updated HR policy document regarding overtime.,hr
Leave application request submitted for 5th-12th Nov.,hr
Confirmation letter for job offer to Anjali Patel.,hr
Leave application request submitted for 1st-10th Sept.,hr
Leave application request submitted for 12th-18th Oct.,hr
Updated HR policy document regarding overtime.,hr
"Employee resignation letter effective from 1st September, citing career advancement.",hr
Interview schedule for shortlisted candidates in the sales department.,hr
Creative pitch document for animation ad.,marketing
Product brochure content draft for autumn collection.,marketing
Email draft to partners announcing the new partnership.,marketing
Influencer shortlist for promoting the Diwali Sale.,marketing
Budget estimate for upcoming webinar.,marketing
SEO strategy document for improving YouTube ranking.,marketing
SEO strategy document for improving Google ranking.,marketing
SEO strategy document for improving Amazon ranking.,marketing
Creative pitch document for UX redesign.,marketing
Influencer shortlist for promoting the Product Launch.,marketing
Creative pitch document for animation ad.,marketing
Budget estimate for upcoming roadshow.,marketing
Social media campaign plan for the launch of the fitness app.,marketing
Creative pitch document for UX redesign.,marketing
Product brochure content draft for fitness app.,marketing
Advertisement proposal for TV launch.,marketing
Product brochure content draft for new shampoo line.,marketing
SEO strategy document for improving YouTube ranking.,marketing
Marketing brief for Back to School to target retirees.,marketing
Product brochure content draft for fitness app.,marketing
Influencer shortlist for promoting the Product Launch.,marketing
Email draft to partners announcing the discount program.,marketing
Email draft to partners announcing the discount program.,marketing
SEO strategy document for improving Google ranking.,marketing
Social media campaign plan for the launch of the new shampoo line.,marketing
Email draft to partners announcing the brand revamp.,marketing
Budget estimate for upcoming expo.,marketing
Social media campaign plan for the launch of the fitness app.,marketing
Advertisement proposal for TV launch.,marketing
Marketing performance report for Q2 social media metrics.,marketing
Email draft to partners announcing the new partnership.,marketing
Influencer shortlist for promoting the Product Launch.,marketing
Social media campaign plan for the launch of the fitness app.,marketing
Marketing performance report for Q3 social media metrics.,marketing
Creative pitch document for animation ad.,marketing
Email draft to partners announcing the brand revamp.,marketing
Influencer shortlist for promoting the Diwali Sale.,marketing
Creative pitch document for animation ad.,marketing
SEO strategy document for improving YouTube ranking.,marketing
Budget estimate for upcoming roadshow.,marketing
Influencer shortlist for promoting the Anniversary Sale.,marketing
Creative pitch document for UX redesign.,marketing
Product brochure content draft for new shampoo line.,marketing
SEO strategy document for improving Amazon ranking.,marketing
Marketing performance report for Q3 social media metrics.,marketing
Product brochure content draft for fitness app.,marketing
Budget estimate for upcoming roadshow.,marketing
Advertisement proposal for online launch.,marketing
Creative pitch document for UX redesign.,marketing
Marketing performance report for Q3 social media metrics.,marketing
Budget estimate for upcoming roadshow.,marketing
SEO strategy document for improving Google ranking.,marketing
Advertisement proposal for TV launch.,marketing
Marketing performance report for Q1 social media metrics.,marketing
Email draft to partners announcing the discount program.,marketing
Product brochure content draft for fitness app.,marketing
Social media campaign plan for the launch of the autumn collection.,marketing
Budget estimate for upcoming roadshow.,marketing
Social media campaign plan for the launch of the fitness app.,marketing
Product brochure content draft for fitness app.,marketing
Email draft to partners announcing the new partnership.,marketing
Creative pitch document for UX redesign.,marketing
Social media campaign plan for the launch of the new shampoo line.,marketing
Influencer shortlist for promoting the Diwali Sale.,marketing
Product brochure content draft for autumn collection.,marketing
Creative pitch document for animation ad.,marketing
Product brochure content draft for autumn collection.,marketing
Product brochure content draft for new shampoo line.,marketing
Social media campaign plan for the launch of the autumn collection.,marketing
Marketing performance report for Q1 social media metrics.,marketing
Budget estimate for upcoming expo.,marketing
Budget estimate for upcoming webinar.,marketing
Creative pitch document for animation ad.,marketing
Creative pitch document for animation ad.,marketing
Influencer shortlist for promoting the Diwali Sale.,marketing
Marketing brief for Festive Bonanza to target young adults.,marketing
Email draft to partners announcing the brand revamp.,marketing
Marketing performance report for Q1 social media metrics.,marketing
Marketing performance report for Q2 social media metrics.,marketing
Product brochure content draft for autumn collection.,marketing
Email draft to partners announcing the brand revamp.,marketing
Product brochure content draft for new shampoo line.,marketing
Marketing performance report for Q1 social media metrics.,marketing
Social media campaign plan for the launch of the fitness app.,marketing
Social media campaign plan for the launch of the new shampoo line.,marketing
Marketing performance report for Q3 social media metrics.,marketing
SEO strategy document for improving Google ranking.,marketing
Influencer shortlist for promoting the Anniversary Sale.,marketing
Social media campaign plan for the launch of the fitness app.,marketing
Product brochure content draft for fitness app.,marketing
Creative pitch document for branding.,marketing
Social media campaign plan for the launch of the autumn collection.,marketing
Social media campaign plan for the launch of the new shampoo line.,marketing
Creative pitch document for branding.,marketing
Marketing brief for Back to School to target young adults.,marketing
Marketing brief for Summer Splash to target retirees.,marketing
Marketing brief for Back to School to target retirees.,marketing
SEO strategy document for improving Amazon ranking.,marketing
Social media campaign plan for the launch of the fitness app.,marketing
Marketing brief for Back to School to target young adults.,marketing
Budget estimate for upcoming webinar.,marketing
Social media campaign plan for the launch of the fitness app.,marketing
Product brochure content draft for autumn collection.,marketing
Social media campaign plan for the launch of the autumn collection.,marketing
Social media campaign plan for the launch of the fitness app.,marketing
Budget estimate for upcoming roadshow.,marketing
Influencer shortlist for promoting the Anniversary Sale.,marketing
Advertisement proposal for online launch.,marketing
Marketing performance report for Q3 social media metrics.,marketing
Marketing brief for Festive Bonanza to target young adults.,marketing
Marketing brief for Back to School to target retirees.,marketing
Social media campaign plan for the launch of the new shampoo line.,marketing
SEO strategy document for improving YouTube ranking.,marketing
Email draft to partners announcing the new partnership.,marketing
Social media campaign plan for the launch of the new shampoo line.,marketing
Marketing brief for Back to School to target young adults.,marketing
Product brochure content draft for autumn collection.,marketing
Product brochure content draft for autumn collection.,marketing
Marketing brief for Back to School to target professionals.,marketing
Marketing performance report for Q1 social media metrics.,marketing
Product brochure content draft for new shampoo line.,marketing
Email draft to partners announcing the new partnership.,marketing
Marketing performance report for Q3 social media metrics.,marketing
Advertisement proposal for TV launch.,marketing
Influencer shortlist for promoting the Product Launch.,marketing
Marketing brief for Summer Splash to target young adults.,marketing
Social media campaign plan for the launch of the fitness app.,marketing
Marketing performance report for Q2 social media metrics.,marketing
SEO strategy document for improving Amazon ranking.,marketing
Budget estimate for upcoming expo.,marketing
SEO strategy document for improving Google ranking.,marketing
Social media campaign plan for the launch of the autumn collection.,marketing
Social media campaign plan for the launch of the autumn collection.,marketing
Budget estimate for upcoming expo.,marketing
Marketing brief for Festive Bonanza to target retirees.,marketing
Budget estimate for upcoming expo.,marketing
Email draft to partners announcing the new partnership.,marketing
Budget estimate for upcoming webinar.,marketing
Budget estimate for upcoming expo.,marketing
Social media campaign plan for the launch of the fitness app.,marketing
Marketing brief for Back to School to target professionals.,marketing
Product brochure content draft for autumn collection.,marketing
Budget estimate for upcoming expo.,marketing
Marketing performance report for Q1 social media metrics.,marketing
Product brochure content draft for new shampoo line.,marketing
Product brochure content draft for new shampoo line.,marketing
Email draft to partners announcing the brand revamp.,marketing
Advertisement proposal for online launch.,marketing
Product brochure content draft for autumn collection.,marketing
Marketing performance report for Q3 social media metrics.,marketing
Email draft to partners announcing the brand revamp.,marketing
Email draft to partners announcing the discount program.,marketing
Product brochure content draft for new shampoo line.,marketing
Influencer shortlist for promoting the Diwali Sale.,marketing
Email draft to partners announcing the new partnership.,marketing
Social media campaign plan for the launch of the new shampoo line.,marketing
Social media campaign plan for the launch of the fitness app.,marketing
Email draft to partners announcing the discount program.,marketing
Product brochure content draft for fitness app.,marketing
Marketing brief for Festive Bonanza to target young adults.,marketing
Advertisement proposal for TV launch.,marketing
Influencer shortlist for promoting the Diwali Sale.,marketing
Marketing brief for Back to School to target professionals.,marketing
Social media campaign plan for the launch of the autumn collection.,marketing
Marketing brief for Summer Splash to target retirees.,marketing
Advertisement proposal for radio launch.,marketing
Product brochure content draft for autumn collection.,marketing
Marketing brief for Festive Bonanza to target young adults.,marketing
Marketing performance report for Q2 social media metrics.,marketing
Budget estimate for upcoming expo.,marketing
Creative pitch document for animation ad.,marketing
Product brochure content draft for fitness app.,marketing
Marketing performance report for Q1 social media metrics.,marketing
Marketing brief for Summer Splash to target young adults.,marketing
Product brochure content draft for autumn collection.,marketing
Creative pitch document for branding.,marketing
Marketing performance report for Q1 social media metrics.,marketing
Advertisement proposal for TV launch.,marketing
Creative pitch document for UX redesign.,marketing
Budget estimate for upcoming roadshow.,marketing
Marketing performance report for Q2 social media metrics.,marketing
Budget estimate for upcoming expo.,marketing
Product brochure content draft for new shampoo line.,marketing
Product brochure content draft for autumn collection.,marketing
SEO strategy document for improving YouTube ranking.,marketing
SEO strategy document for improving Google ranking.,marketing
SEO strategy document for improving Google ranking.,marketing
Creative pitch document for animation ad.,marketing
Budget estimate for upcoming expo.,marketing
Email draft to partners announcing the new partnership.,marketing
Budget estimate for upcoming webinar.,marketing
Marketing performance report for Q2 social media metrics.,marketing
Social media campaign plan for the launch of the new shampoo line.,marketing
Email draft to partners announcing the brand revamp.,marketing
Marketing brief for Summer Splash to target professionals.,marketing
Email draft to partners announcing the new partnership.,marketing
Product brochure content draft for autumn collection.,marketing
Advertisement proposal for radio launch.,marketing
Social media campaign plan for the launch of the fitness app.,marketing
Budget estimate for upcoming roadshow.,marketing
SEO strategy document for improving YouTube ranking.,marketing
SEO strategy document for improving YouTube ranking.,marketing
Product brochure content draft for new shampoo line.,marketing
Email draft to partners announcing the discount program.,marketing
Budget estimate for upcoming expo.,marketing
Marketing brief for Festive Bonanza to target young adults.,marketing
SEO strategy document for improving YouTube ranking.,marketing
Budget estimate for upcoming expo.,marketing
Marketing performance report for Q2 social media metrics.,marketing
Budget estimate for upcoming expo.,marketing
Marketing performance report for Q1 social media metrics.,marketing
Budget estimate for upcoming roadshow.,marketing
Influencer shortlist for promoting the Anniversary Sale.,marketing
Product brochure content draft for new shampoo line.,marketing
Marketing performance report for Q3 social media metrics.,marketing
Email draft to partners announcing the discount program.,marketing
Marketing brief for Summer Splash to target professionals.,marketing
Advertisement proposal for TV launch.,marketing
Advertisement proposal for online launch.,marketing
Social media campaign plan for the launch of the fitness app.,marketing
Marketing performance report for Q3 social media metrics.,marketing
Influencer shortlist for promoting the Diwali Sale.,marketing
Marketing performance report for Q3 social media metrics.,marketing
Marketing brief for Summer Splash to target professionals.,marketing
Social media campaign plan for the launch of the autumn collection.,marketing
Marketing brief for Summer Splash to target retirees.,marketing
Social media campaign plan for the launch of the new shampoo line.,marketing
Budget estimate for upcoming roadshow.,marketing
Marketing performance report for Q2 social media metrics.,marketing
Marketing performance report for Q3 social media metrics.,marketing
Marketing performance report for Q2 social media metrics.,marketing
Advertisement proposal for TV launch.,marketing
Marketing performance report for Q2 social media metrics.,marketing
Budget estimate for upcoming roadshow.,marketing
Influencer shortlist for promoting the Product Launch.,marketing
Marketing performance report for Q1 social media metrics.,marketing
Influencer shortlist for promoting the Product Launch.,marketing
Marketing brief for Summer Splash to target young adults.,marketing
Email draft to partners announcing the brand revamp.,marketing
Marketing performance report for Q2 social media metrics.,marketing
Influencer shortlist for promoting the Diwali Sale.,marketing
Product brochure content draft for autumn collection.,marketing
Creative pitch document for branding.,marketing
Marketing brief for Back to School to target retirees.,marketing
Social media campaign plan for the launch of the autumn collection.,marketing
Advertisement proposal for radio launch.,marketing
Creative pitch document for UX redesign.,marketing
Budget estimate for upcoming webinar.,marketing
Influencer shortlist for promoting the Diwali Sale.,marketing
Influencer shortlist for promoting the Product Launch.,marketing
Lease agreement for the property at Banjara Hills.,legal
Notice of breach under clause 12(a).,legal
Notice of breach under clause 14(b).,legal
Intellectual property claim for design patent.,legal
Intellectual property claim for design patent.,legal
Legal compliance report for the Legal-AI Integration.,legal
Legal compliance report for the Legal-AI Integration.,legal
Court summons related to case ID LC12345.,legal
Court summons related to case ID RT45678.,legal
Legal inquiry about contract ambiguity.,legal
Lease agreement for the property at Banjara Hills.,legal
Intellectual property claim for source code.,legal
Court summons related to case ID RT45678.,legal
Legal compliance report for the Legal-AI Integration.,legal
Notice of breach under clause 14(b).,legal
Court summons related to case ID MN78901.,legal
Court summons related to case ID RT45678.,legal
Contract termination notice due to delayed delivery.,legal
Intellectual property claim for design patent.,legal
Notice of breach under clause 14(b).,legal
Legal inquiry about liability clause.,legal
Court summons related to case ID MN78901.,legal
Court summons related to case ID RT45678.,legal
Legal inquiry about contract ambiguity.,legal
Power of attorney document for Alex Verma.,legal
Court summons related to case ID MN78901.,legal
Lease agreement for the property at MG Road.,legal
Court summons related to case ID RT45678.,legal
Legal compliance report for the SmartCity Compliance.,legal
Lease agreement for the property at Banjara Hills.,legal
Contract termination notice due to fraudulent activity.,legal
Legal agreement draft for non-disclosure of product roadmap.,legal
Contract termination notice due to non-compliance.,legal
"Lease agreement for the property at Plot 47, Tech Park.",legal
Legal agreement draft for non-disclosure of product roadmap.,legal
Notice of breach under clause 16(c).,legal
Lease agreement for the property at MG Road.,legal
Legal agreement draft for non-disclosure of client data.,legal
Power of attorney document for Alex Verma.,legal
Employment contract template for new hires.,legal
Legal agreement draft for non-disclosure of product roadmap.,legal
Notice of breach under clause 12(a).,legal
Legal agreement draft for non-disclosure of client data.,legal
Power of attorney document for David George.,legal
Power of attorney document for David George.,legal
Notice of breach under clause 12(a).,legal
Employment contract template for new hires.,legal
Power of attorney document for Riya Sen.,legal
Lease agreement for the property at Banjara Hills.,legal
Employment contract template for new hires.,legal
Legal agreement draft for non-disclosure of client data.,legal
Legal inquiry about contract ambiguity.,legal
Legal compliance report for the Legal-AI Integration.,legal
Lease agreement for the property at Banjara Hills.,legal
Intellectual property claim for design patent.,legal
Power of attorney document for David George.,legal
Contract termination notice due to fraudulent activity.,legal
Lease agreement for the property at MG Road.,legal
Lease agreement for the property at Banjara Hills.,legal
Lease agreement for the property at Banjara Hills.,legal
Power of attorney document for David George.,legal
Notice of breach under clause 14(b).,legal
"Lease agreement for the property at Plot 47, Tech Park.",legal
Contract termination notice due to fraudulent activity.,legal
Court summons related to case ID LC12345.,legal
Legal compliance report for the Legal-AI Integration.,legal
Notice of breach under clause 16(c).,legal
Legal compliance report for the SmartCity Compliance.,legal
Court summons related to case ID LC12345.,legal
Legal inquiry about contract ambiguity.,legal
Legal inquiry about contract ambiguity.,legal
Employment contract template for new hires.,legal
Legal agreement draft for non-disclosure of product roadmap.,legal
Intellectual property claim for trademark.,legal
Legal inquiry about contract ambiguity.,legal
Notice of breach under clause 12(a).,legal
"Lease agreement for the property at Plot 47, Tech Park.",legal
Legal agreement draft for non-disclosure of product roadmap.,legal
Contract termination notice due to fraudulent activity.,legal
Lease agreement for the property at MG Road.,legal
Intellectual property claim for design patent.,legal
Employment contract template for new hires.,legal
Legal agreement draft for non-disclosure of client data.,legal
Employment contract template for new hires.,legal
Legal compliance report for the SmartCity Compliance.,legal
Notice of breach under clause 12(a).,legal
Legal inquiry about contract ambiguity.,legal
Court summons related to case ID MN78901.,legal
Legal agreement draft for non-disclosure of product roadmap.,legal
Contract termination notice due to fraudulent activity.,legal
Legal compliance report for the Legal-AI Integration.,legal
Notice of breach under clause 12(a).,legal
Power of attorney document for David George.,legal
Power of attorney document for Riya Sen.,legal
Employment contract template for new hires.,legal
Lease agreement for the property at MG Road.,legal
Intellectual property claim for trademark.,legal
Contract termination notice due to non-compliance.,legal
"Lease agreement for the property at Plot 47, Tech Park.",legal
Employment contract template for new hires.,legal
Contract termination notice due to delayed delivery.,legal
Power of attorney document for Riya Sen.,legal
"Lease agreement for the property at Plot 47, Tech Park.",legal
Notice of breach under clause 12(a).,legal
Legal agreement draft for non-disclosure of client data.,legal
Court summons related to case ID RT45678.,legal
Court summons related to case ID MN78901.,legal
Court summons related to case ID RT45678.,legal
Intellectual property claim for design patent.,legal
Lease agreement for the property at MG Road.,legal
Legal agreement draft for non-disclosure of client data.,legal
Court summons related to case ID LC12345.,legal
Intellectual property claim for trademark.,legal
Contract termination notice due to delayed delivery.,legal
Notice of breach under clause 14(b).,legal
Employment contract template for new hires.,legal
Notice of breach under clause 12(a).,legal
Notice of breach under clause 12(a).,legal
Legal inquiry about liability clause.,legal
Legal inquiry about data sharing.,legal
Intellectual property claim for trademark.,legal
Intellectual property claim for trademark.,legal
Legal agreement draft for non-disclosure of client data.,legal
Legal compliance report for the EduTech Audit.,legal
Power of attorney document for Alex Verma.,legal
Court summons related to case ID LC12345.,legal
Intellectual property claim for design patent.,legal
Legal compliance report for the EduTech Audit.,legal
Legal inquiry about data sharing.,legal
Notice of breach under clause 16(c).,legal
Lease agreement for the property at Banjara Hills.,legal
"Lease agreement for the property at Plot 47, Tech Park.",legal
Legal compliance report for the SmartCity Compliance.,legal
Legal compliance report for the SmartCity Compliance.,legal
Employment contract template for new hires.,legal
Court summons related to case ID MN78901.,legal
Legal compliance report for the EduTech Audit.,legal
Lease agreement for the property at MG Road.,legal
Legal compliance report for the Legal-AI Integration.,legal
Court summons related to case ID LC12345.,legal
Court summons related to case ID LC12345.,legal
Court summons related to case ID MN78901.,legal
Notice of breach under clause 14(b).,legal
Court summons related to case ID RT45678.,legal
Power of attorney document for David George.,legal
Court summons related to case ID MN78901.,legal
Power of attorney document for David George.,legal
Employment contract template for new hires.,legal
Legal compliance report for the EduTech Audit.,legal
Lease agreement for the property at Banjara Hills.,legal
Legal inquiry about contract ambiguity.,legal
Legal inquiry about data sharing.,legal
Legal inquiry about contract ambiguity.,legal
Lease agreement for the property at MG Road.,legal
Legal inquiry about liability clause.,legal
Legal inquiry about contract ambiguity.,legal
Employment contract template for new hires.,legal
Court summons related to case ID MN78901.,legal
Employment contract template for new hires.,legal
Legal inquiry about liability clause.,legal
Legal agreement draft for non-disclosure of client data.,legal
Lease agreement for the property at MG Road.,legal
Legal agreement draft for non-disclosure of client data.,legal
Notice of breach under clause 14(b).,legal
Legal compliance report for the EduTech Audit.,legal
Legal compliance report for the EduTech Audit.,legal
Contract termination notice due to fraudulent activity.,legal
Contract termination notice due to non-compliance.,legal
Legal inquiry about contract ambiguity.,legal
Lease agreement for the property at MG Road.,legal
Court summons related to case ID RT45678.,legal
Legal compliance report for the Legal-AI Integration.,legal
Court summons related to case ID MN78901.,legal
Legal compliance report for the Legal-AI Integration.,legal
Employment contract template for new hires.,legal
Contract termination notice due to fraudulent activity.,legal
Legal compliance report for the SmartCity Compliance.,legal
Lease agreement for the property at Banjara Hills.,legal
Intellectual property claim for source code.,legal
Legal inquiry about liability clause.,legal
Court summons related to case ID MN78901.,legal
Power of attorney document for Alex Verma.,legal
Legal agreement draft for non-disclosure of client data.,legal
Legal inquiry about data sharing.,legal
Court summons related to case ID RT45678.,legal
Legal compliance report for the EduTech Audit.,legal
Contract termination notice due to non-compliance.,legal
Notice of breach under clause 14(b).,legal
Power of attorney document for Alex Verma.,legal
Contract termination notice due to delayed delivery.,legal
Legal inquiry about data sharing.,legal
Court summons related to case ID RT45678.,legal
Notice of breach under clause 12(a).,legal
Notice of breach under clause 14(b).,legal
Legal compliance report for the EduTech Audit.,legal
Legal agreement draft for non-disclosure of patent.,legal
Legal agreement draft for non-disclosure of client data.,legal
Lease agreement for the property at MG Road.,legal
Contract termination notice due to non-compliance.,legal
Power of attorney document for Riya Sen.,legal
Legal inquiry about liability clause.,legal
Legal compliance report for the Legal-AI Integration.,legal
Lease agreement for the property at Banjara Hills.,legal
Employment contract template for new hires.,legal
Court summons related to case ID LC12345.,legal
Notice of breach under clause 16(c).,legal
Power of attorney document for Riya Sen.,legal
Intellectual property claim for design patent.,legal
Court summons related to case ID RT45678.,legal
Power of attorney document for David George.,legal
Legal inquiry about contract ambiguity.,legal
Intellectual property claim for source code.,legal
"Lease agreement for the property at Plot 47, Tech Park.",legal
Legal inquiry about data sharing.,legal
Legal agreement draft for non-disclosure of patent.,legal
Legal compliance report for the EduTech Audit.,legal
Legal compliance report for the Legal-AI Integration.,legal
Court summons related to case ID RT45678.,legal
Power of attorney document for David George.,legal
Contract termination notice due to fraudulent activity.,legal
Court summons related to case ID LC12345.,legal
Court summons related to case ID MN78901.,legal
Legal inquiry about contract ambiguity.,legal
Intellectual property claim for design patent.,legal
Legal compliance report for the Legal-AI Integration.,legal
Court summons related to case ID MN78901.,legal
Power of attorney document for Alex Verma.,legal
Court summons related to case ID LC12345.,legal
"Lease agreement for the property at Plot 47, Tech Park.",legal
Legal inquiry about contract ambiguity.,legal
Notice of breach under clause 12(a).,legal
Court summons related to case ID RT45678.,legal
Notice of breach under clause 16(c).,legal
Contract termination notice due to delayed delivery.,legal
Employment contract template for new hires.,legal
Legal agreement draft for non-disclosure of patent.,legal
Power of attorney document for David George.,legal
Legal compliance report for the Legal-AI Integration.,legal
Power of attorney document for Alex Verma.,legal
Lease agreement for the property at Banjara Hills.,legal
Court summons related to case ID MN78901.,legal
Contract termination notice due to non-compliance.,legal
Notice of breach under clause 12(a).,legal
"Lease agreement for the property at Plot 47, Tech Park.",legal
Legal inquiry about liability clause.,legal
Contract termination notice due to fraudulent activity.,legal
Legal agreement draft for non-disclosure of client data.,legal
Intellectual property claim for source code.,legal
Court summons related to case ID RT45678.,legal
Legal inquiry about liability clause.,legal
Meeting room booking confirmation for client pitch.,other
Training feedback form from the recent conflict resolution.,other
Visitor log sheet for interview.,other
Visitor log sheet for interview.,other
IT support request: network drop.,other
Staff transportation schedule for 15th August.,other
Security log report for building entry and exit on 1st September.,other
Helpdesk ticket for issue with printer.,other
Training feedback form from the recent time management.,other
Expense reimbursement form for food.,other
Expense reimbursement form for travel.,other
Helpdesk ticket for issue with laptop.,other
Expense reimbursement form for travel.,other
Expense reimbursement form for food.,other
Expense reimbursement form for travel.,other
Expense reimbursement form for travel.,other
Staff transportation schedule for 15th August.,other
Staff transportation schedule for project deadline.,other
Visitor log sheet for inspection.,other
Training feedback form from the recent cybersecurity.,other
Inventory request form submitted by the sales.,other
Visitor log sheet for inspection.,other
Inventory request form submitted by the finance.,other
IT support request: email access.,other
Visitor log sheet for meeting.,other
Facility maintenance report for projector.,other
Meeting room booking confirmation for client pitch.,other
Security log report for building entry and exit on 1st September.,other
Security log report for building entry and exit on 30th November.,other
IT support request: network drop.,other
Visitor log sheet for interview.,other
Inventory request form submitted by the finance.,other
Facility maintenance report for projector.,other
Facility maintenance report for projector.,other
Training feedback form from the recent cybersecurity.,other
Inventory request form submitted by the finance.,other
Visitor log sheet for interview.,other
Facility maintenance report for printer.,other
Inventory request form submitted by the finance.,other
Inventory request form submitted by the finance.,other
Facility maintenance report for printer.,other
Facility maintenance report for AC.,other
Security log report for building entry and exit on 15th October.,other
Inventory request form submitted by the sales.,other
Meeting room booking confirmation for vendor discussion.,other
IT support request: network drop.,other
Staff transportation schedule for Annual Day.,other
Helpdesk ticket for issue with VPN.,other
IT support request: login failure.,other
Facility maintenance report for projector.,other
Training feedback form from the recent time management.,other
Meeting room booking confirmation for client pitch.,other
Expense reimbursement form for travel.,other
Facility maintenance report for projector.,other
Training feedback form from the recent time management.,other
Visitor log sheet for inspection.,other
Expense reimbursement form for travel.,other
Visitor log sheet for inspection.,other
Expense reimbursement form for travel.,other
Visitor log sheet for meeting.,other
Facility maintenance report for projector.,other
IT support request: network drop.,other
Staff transportation schedule for project deadline.,other
Security log report for building entry and exit on 1st September.,other
Staff transportation schedule for project deadline.,other
Staff transportation schedule for 15th August.,other
Facility maintenance report for AC.,other
Inventory request form submitted by the finance.,other
Facility maintenance report for AC.,other
Inventory request form submitted by the sales.,other
IT support request: login failure.,other
Helpdesk ticket for issue with VPN.,other
Staff transportation schedule for 15th August.,other
IT support request: login failure.,other
Visitor log sheet for meeting.,other
Security log report for building entry and exit on 1st September.,other
Inventory request form submitted by the sales.,other
Inventory request form submitted by the finance.,other
Inventory request form submitted by the engineering.,other
IT support request: email access.,other
Visitor log sheet for inspection.,other
Helpdesk ticket for issue with VPN.,other
Visitor log sheet for interview.,other
IT support request: network drop.,other
IT support request: email access.,other
Inventory request form submitted by the engineering.,other
Security log report for building entry and exit on 15th October.,other
Meeting room booking confirmation for review meeting.,other
Helpdesk ticket for issue with printer.,other
Expense reimbursement form for travel.,other
Security log report for building entry and exit on 15th October.,other
Meeting room booking confirmation for vendor discussion.,other
Facility maintenance report for projector.,other
Helpdesk ticket for issue with VPN.,other
Facility maintenance report for AC.,other
IT support request: email access.,other
Training feedback form from the recent cybersecurity.,other
Helpdesk ticket for issue with printer.,other
Facility maintenance report for projector.,other
IT support request: network drop.,other
Expense reimbursement form for travel.,other
Helpdesk ticket for issue with printer.,other
Helpdesk ticket for issue with laptop.,other
Visitor log sheet for interview.,other
Inventory request form submitted by the engineering.,other
Inventory request form submitted by the sales.,other
Visitor log sheet for meeting.,other
Staff transportation schedule for Annual Day.,other
IT support request: login failure.,other
Inventory request form submitted by the sales.,other
Training feedback form from the recent time management.,other
Inventory request form submitted by the sales.,other
Facility maintenance report for projector.,other
Training feedback form from the recent cybersecurity.,other
Meeting room booking confirmation for vendor discussion.,other
Training feedback form from the recent conflict resolution.,other
Training feedback form from the recent cybersecurity.,other
Expense reimbursement form for food.,other
Expense reimbursement form for accommodation.,other
Staff transportation schedule for project deadline.,other
Security log report for building entry and exit on 1st September.,other
Expense reimbursement form for food.,other
Staff transportation schedule for 15th August.,other
Meeting room booking confirmation for review meeting.,other
Security log report for building entry and exit on 1st September.,other
Inventory request form submitted by the sales.,other
Training feedback form from the recent conflict resolution.,other
IT support request: network drop.,other
Training feedback form from the recent conflict resolution.,other
Inventory request form submitted by the sales.,other
Expense reimbursement form for travel.,other
Visitor log sheet for inspection.,other
Helpdesk ticket for issue with laptop.,other
Visitor log sheet for meeting.,other
Expense reimbursement form for food.,other
Training feedback form from the recent cybersecurity.,other
Inventory request form submitted by the engineering.,other
Training feedback form from the recent conflict resolution.,other
Meeting room booking confirmation for client pitch.,other
Expense reimbursement form for food.,other
Meeting room booking confirmation for review meeting.,other
Training feedback form from the recent time management.,other
Staff transportation schedule for project deadline.,other
Inventory request form submitted by the engineering.,other
IT support request: email access.,other
Staff transportation schedule for 15th August.,other
Facility maintenance report for AC.,other
Meeting room booking confirmation for vendor discussion.,other
Helpdesk ticket for issue with printer.,other
Inventory request form submitted by the sales.,other
IT support request: email access.,other
IT support request: email access.,other
Inventory request form submitted by the sales.,other
Visitor log sheet for interview.,other
IT support request: email access.,other
Facility maintenance report for AC.,other
Staff transportation schedule for 15th August.,other
Facility maintenance report for AC.,other
Training feedback form from the recent conflict resolution.,other
Visitor log sheet for inspection.,other
Inventory request form submitted by the sales.,other
Inventory request form submitted by the finance.,other
Meeting room booking confirmation for client pitch.,other
Facility maintenance report for AC.,other
Staff transportation schedule for 15th August.,other
Expense reimbursement form for accommodation.,other
Helpdesk ticket for issue with VPN.,other
Meeting room booking confirmation for vendor discussion.,other
IT support request: email access.,other
Meeting room booking confirmation for review meeting.,other
Helpdesk ticket for issue with laptop.,other
Helpdesk ticket for issue with laptop.,other
Staff transportation schedule for Annual Day.,other
Staff transportation schedule for Annual Day.,other
Inventory request form submitted by the sales.,other
Security log report for building entry and exit on 15th October.,other
Helpdesk ticket for issue with laptop.,other
IT support request: network drop.,other
Helpdesk ticket for issue with VPN.,other
Inventory request form submitted by the sales.,other
Facility maintenance report for projector.,other
Inventory request form submitted by the engineering.,other
IT support request: network drop.,other
Helpdesk ticket for issue with laptop.,other
Security log report for building entry and exit on 30th November.,other
Security log report for building entry and exit on 1st September.,other
IT support request: email access.,other
Inventory request form submitted by the sales.,other
Training feedback form from the recent conflict resolution.,other
Facility maintenance report for AC.,other
Facility maintenance report for AC.,other
Meeting room booking confirmation for review meeting.,other
Meeting room booking confirmation for review meeting.,other
Staff transportation schedule for Annual Day.,other
Expense reimbursement form for food.,other
Meeting room booking confirmation for vendor discussion.,other
IT support request: network drop.,other
Training feedback form from the recent time management.,other
Facility maintenance report for AC.,other
Staff transportation schedule for project deadline.,other
Meeting room booking confirmation for client pitch.,other
Facility maintenance report for AC.,other
Training feedback form from the recent conflict resolution.,other
Facility maintenance report for printer.,other
Security log report for building entry and exit on 15th October.,other
IT support request: login failure.,other
Training feedback form from the recent time management.,other
Meeting room booking confirmation for client pitch.,other
Training feedback form from the recent cybersecurity.,other
Staff transportation schedule for Annual Day.,other
Expense reimbursement form for food.,other
Staff transportation schedule for project deadline.,other
Staff transportation schedule for 15th August.,other
Security log report for building entry and exit on 1st September.,other
Meeting room booking confirmation for vendor discussion.,other
Training feedback form from the recent cybersecurity.,other
Visitor log sheet for inspection.,other
Inventory request form submitted by the sales.,other
Inventory request form submitted by the engineering.,other
Helpdesk ticket for issue with printer.,other
IT support request: network drop.,other
Visitor log sheet for meeting.,other
IT support request: network drop.,other
Security log report for building entry and exit on 30th November.,other
Expense reimbursement form for travel.,other
IT support request: network drop.,other
Meeting room booking confirmation for client pitch.,other
Training feedback form from the recent conflict resolution.,other
Helpdesk ticket for issue with laptop.,other
Helpdesk ticket for issue with printer.,other
Security log report for building entry and exit on 30th November.,other
Security log report for building entry and exit on 1st September.,other
Training feedback form from the recent time management.,other
Training feedback form from the recent conflict resolution.,other
Inventory request form submitted by the finance.,other
Staff transportation schedule for Annual Day.,other
Security log report for building entry and exit on 15th October.,other
Security log report for building entry and exit on 1st September.,other
Helpdesk ticket for issue with printer.,other
Security log report for building entry and exit on 15th October.,other
IT support request: login failure.,other
Security log report for building entry and exit on 15th October.,other
Meeting room booking confirmation for client pitch.,other
Helpdesk ticket for issue with printer.,other
Expense reimbursement form for travel.,other
Visitor log sheet for inspection.,other
Inventory request form submitted by the engineering.,other
Facility maintenance report for printer.,other
Facility maintenance report for projector.,other
Visitor log sheet for inspection.,other
